epoch,step,val_F1,val_OA,val_mIoU
0,51,0.7745984792709351,0.7944773435592651,0.5141758918762207
